date;SPD;Union;Grüne;FDP;AfD;Linke;FW;Andere
22.12.2023;14;32;14;5;21;3;4;7
07.12.2023;14;32;15;4;21;3;3;8
10.11.2023;15;30;15;5;21;4;3;7
02.11.2023;16;30;14;4;22;5;3;6
13.10.2023;15;29;13;5;23;4;4;7
28.09.2023;16;28;14;6;22;4;3;7
15.09.2023;16;28;15;7;22;4;-;8
31.08.2023;16;29;14;6;22;4;-;9
18.08.2023;17;27;14;7;21;4;-;10
04.08.2023;17;27;15;7;21;4;-;9
21.07.2023;18;28;13;7;20;4;-;10
06.07.2023;18;28;14;7;20;4;-;9
23.06.2023;17;29;15;6;19;4;-;10
01.06.2023;18;29;15;7;18;4;-;9
12.05.2023;18;28;16;8;16;5;-;9
04.05.2023;17;30;16;7;16;5;-;9
14.04.2023;19;29;17;7;15;4;-;9
06.04.2023;18;30;17;7;15;4;-;9
17.03.2023;18;30;16;7;15;5;-;9
02.03.2023;18;31;17;6;14;5;-;9
17.02.2023;19;29;17;6;15;5;-;9
02.02.2023;20;27;18;7;15;4;-;9
19.01.2023;19;29;19;6;14;4;-;9
05.01.2023;18;29;19;6;15;5;-;8
09.12.2022;18;29;18;6;15;5;-;9
01.12.2022;18;30;18;5;15;5;-;9
11.11.2022;18;28;19;7;14;4;-;10
03.11.2022;19;28;19;6;14;5;-;9
14.10.2022;19;26;20;6;15;5;-;9
06.10.2022;17;28;19;7;15;5;-;9
16.09.2022;17;28;21;7;14;5;-;8
01.09.2022;17;27;22;8;13;5;-;8
19.08.2022;18;28;23;7;12;4;-;8
04.08.2022;17;28;23;7;13;4;-;8
22.07.2022;19;27;22;7;12;4;-;9
07.07.2022;19;27;23;8;11;4;-;8
24.06.2022;20;26;23;8;12;4;-;7
02.06.2022;21;27;21;8;11;4;-;8
13.05.2022;22;26;20;8;11;4;-;9
28.04.2022;24;26;18;9;11;3;-;9
14.04.2022;24;26;18;8;11;4;-;9
07.04.2022;24;25;19;9;11;4;-;8
18.03.2022;25;26;17;9;11;4;-;8
03.03.2022;25;26;16;9;11;5;-;8
18.02.2022;24;26;15;9;12;5;-;9
03.02.2022;22;27;16;10;12;5;-;8
21.01.2022;25;24;16;10;12;5;-;8
06.01.2022;26;23;16;11;11;5;-;8
10.12.2021;26;23;16;12;11;5;-;7
02.12.2021;25;23;17;12;11;5;-;7
26.11.2021;25;21;17;13;11;5;-;8
04.11.2021;27;21;16;13;10;5;-;8
29.10.2021;26;22;16;13;10;4;-;9
16.09.2021;26;22;15;11;11;6;3;6
02.09.2021;25;20;16;13;12;6;-;8
20.08.2021;21;23;17;13;11;7;-;8
05.08.2021;18;27;19;12;10;6;-;8
23.07.2021;16;29;19;12;10;6;-;8
01.07.2021;15;28;20;11;11;7;-;8
25.06.2021;15;28;21;11;12;6;3;4
10.06.2021;14;28;20;12;12;7;-;7
14.05.2021;15;24;25;12;11;7;-;6
06.05.2021;14;23;26;11;12;6;3;5
16.04.2021;15;28;21;11;11;7;-;7
01.04.2021;16;27;22;9;11;7;-;8
19.03.2021;17;29;20;9;11;7;-;7
04.03.2021;16;33;20;7;11;7;-;6
19.02.2021;16;33;20;8;11;6;-;6
04.02.2021;15;34;21;8;10;6;-;6
22.01.2021;15;34;21;7;10;6;-;7
07.01.2021;14;35;21;7;10;7;-;6
11.12.2020;16;36;20;6;9;7;-;6
03.12.2020;15;36;21;6;10;7;-;5
27.11.2020;15;35;21;7;11;7;-;4
12.11.2020;15;36;20;6;10;7;-;6
16.10.2020;15;35;20;6;11;7;-;6
01.10.2020;15;35;21;6;10;8;-;5
18.09.2020;16;36;20;5;10;8;-;5
03.09.2020;17;36;19;6;10;7;-;5
21.08.2020;16;37;17;6;10;8;-;6
06.08.2020;15;38;18;6;11;7;-;5
24.07.2020;14;37;20;5;11;7;-;6
02.07.2020;16;37;20;5;10;7;-;5
26.06.2020;16;37;20;5;10;7;-;5
04.06.2020;15;38;19;6;9;8;-;5
15.05.2020;15;38;18;6;10;7;-;6
07.05.2020;16;39;18;5;9;8;-;5
17.04.2020;17;38;19;5;9;7;-;5
02.04.2020;16;34;22;5;10;7;-;6
20.03.2020;14;30;23;7;10;9;-;7
05.03.2020;16;27;23;6;12;9;-;7
13.02.2020;16;26;22;7;14;9;-;6
06.02.2020;14;27;22;8;14;9;-;6
24.01.2020;14;26;24;8;14;8;-;6
09.01.2020;13;27;23;9;14;8;-;6
13.12.2019;14;27;21;8;15;8;-;7
05.12.2019;13;25;23;9;15;8;-;7
15.11.2019;15;25;22;7;14;9;-;8
07.11.2019;14;26;22;8;14;9;-;7
18.10.2019;14;28;22;7;14;8;-;7
11.10.2019;13;28;24;7;14;8;-;6
20.09.2019;14;27;23;8;14;8;-;6
05.09.2019;14;27;23;7;15;7;-;7
23.08.2019;14;26;25;7;14;7;-;7
01.08.2019;12;26;26;8;14;7;-;7
26.07.2019;13;26;26;9;12;8;-;6
04.07.2019;13;25;26;8;13;8;-;7
28.06.2019;13;26;25;9;12;7;-;8
06.06.2019;12;25;26;8;13;7;-;9
17.05.2019;17;29;18;8;13;8;-;7
02.05.2019;18;28;20;8;12;9;-;5
18.04.2019;16;29;21;8;13;8;-;5
04.04.2019;17;29;20;9;12;8;-;5
22.03.2019;18;29;19;9;12;8;-;5
15.03.2019;17;29;19;8;13;9;-;5
22.02.2019;18;30;18;8;12;8;-;6
14.02.2019;17;29;19;9;13;8;-;5
25.01.2019;15;28;20;9;15;8;-;5
10.01.2019;15;29;20;9;14;9;-;4
14.12.2018;15;31;20;8;13;8;-;5
06.12.2018;14;30;20;8;14;8;-;6
30.11.2018;14;28;21;9;15;8;-;5
15.11.2018;14;26;23;8;14;9;-;6
19.10.2018;14;25;19;11;16;9;-;6
11.10.2018;15;26;17;10;16;10;-;6
21.09.2018;17;28;15;9;18;10;-;3
06.09.2018;18;29;14;8;16;10;-;5
24.08.2018;18;29;14;8;17;9;-;5
02.08.2018;18;29;15;7;17;9;-;5
27.07.2018;18;30;15;8;16;8;-;5
05.07.2018;18;30;14;8;16;9;-;5
28.06.2018;19;32;13;8;14;9;-;5
14.06.2018;18;31;13;8;15;10;-;5
18.05.2018;17;33;13;8;14;10;-;5
09.05.2018;18;32;13;8;15;9;-;5
20.04.2018;17;32;12;10;15;10;-;4
05.04.2018;18;33;12;9;14;10;-;4
23.03.2018;19;33;12;9;13;10;-;4
01.03.2018;18;34;11;9;15;9;-;4
23.02.2018;17;34;12;9;14;10;-;4
15.02.2018;16;33;13;9;15;11;-;3
01.02.2018;18;33;11;10;14;11;-;3
26.01.2018;19;33;11;10;12;10;-;5
04.01.2018;21;33;11;9;13;9;-;4
15.12.2017;20;32;12;9;13;9;-;5
07.12.2017;21;32;11;9;13;10;-;4
20.11.2017;22;32;11;10;11;10;-;4
17.11.2017;21;31;11;11;12;10;-;4
09.11.2017;21;30;11;12;13;9;-;4
20.10.2017;21;31;11;12;12;9;-;4
12.10.2017;20;32;10;11;11;10;-;6
14.09.2017;20;37;7.5;9.5;12;9;-;5
07.09.2017;21;37;8;9;11;10;-;4
31.08.2017;23;37;8;8;11;9;-;4
25.08.2017;22;38;8;9;10;9;-;4
09.08.2017;24;39;8;8;8;9;-;4
28.07.2017;23;40;8;8;9;8;-;4
06.07.2017;23;39;8;9;9;9;-;3
16.06.2017;24;39;7;9;8;8;-;5
08.06.2017;24;38;7;10;9;8;-;4
19.05.2017;26;38;8;9;9;6;-;4
11.05.2017;27;37;8;8;10;7;-;3
21.04.2017;30;35;7;6;10;8;-;4
13.04.2017;31;34;8;6;11;7;-;3
24.03.2017;32;32;8;6;11;7;-;4
09.03.2017;31;32;8;6;11;8;-;4
24.02.2017;32;31;8;6;11;7;-;5
02.02.2017;28;34;8;6;12;8;-;4
27.01.2017;23;35;9;6;14;8;-;5
05.01.2017;20;37;9;5;15;9;-;5
16.12.2016;21;36;10;6;13;9;-;5
08.12.2016;22;35;11;5;13;9;-;5
18.11.2016;23;32;13;6;12;9;-;5
03.11.2016;22;33;12;6;13;9;-;5
21.10.2016;22;33;12;5;14;9;-;5
06.10.2016;22;33;11;6;14;9;-;5
23.09.2016;22;32;12;6;16;8;-;4
01.09.2016;23;33;11;5;14;9;-;5
26.08.2016;22;33;12;5;13;9;-;6
04.08.2016;22;34;13;5;12;9;-;5
15.07.2016;22;33;14;6;12;8;-;5
07.07.2016;22;34;13;6;12;9;-;4
17.06.2016;21;31;14;7;14;9;-;4
02.06.2016;21;32;13;6;15;9;-;4
20.05.2016;21;32;12;7;15;9;-;4
04.05.2016;20;33;13;6;15;8;-;5
22.04.2016;21;33;12;7;14;8;-;5
07.04.2016;21;34;13;7;14;7;-;4
24.03.2016;22;34;12;7;13;8;-;4
29.02.2016;23;36;10;6;11;9;-;5
26.02.2016;23;37;11;6;10;8;-;5
03.02.2016;24;35;10;5;12;9;-;5
15.01.2016;25;37;10;4;10;8;-;6
07.01.2016;24;39;11;4;9;8;-;5
18.12.2015;24;38;10;4;10;8;-;6
03.12.2015;25;37;11;4;10;8;-;5
20.11.2015;25;37;10;5;9;8;-;6
05.11.2015;24;37;11;5;8;9;-;6
23.10.2015;24;38;11;5;8;9;-;5
01.10.2015;24;40;10;5;6;9;-;6
11.09.2015;25;42;11;4;4;9;-;5
03.09.2015;24;42;12;4;4;8;-;6
14.08.2015;24;42;11;4;4;9;-;6
30.07.2015;24;42;11;5;4;9;-;5
17.07.2015;24;41;11;6;4;9;-;5
02.07.2015;25;40;11;5;5;10;-;4
19.06.2015;25;40;10;5;5;10;-;5
03.06.2015;25;40;10;6;5;9;-;5
22.05.2015;26;41;9;5;5;9;-;5
07.05.2015;25;40;10;4;6;9;-;6
24.04.2015;24;41;11;4;6;8;-;6
02.04.2015;25;41;10;4;6;9;-;5
13.03.2015;24;41;11;4;6;9;-;5
05.03.2015;25;41;10;4;6;9;-;5
13.02.2015;24;42;10;3;7;8;-;6
05.02.2015;25;41;10;3;6;9;-;6
16.01.2015;25;41;10;4;6;8;-;6
08.01.2015;26;41;10;3;6;8;-;6
19.12.2014;25;42;10;-;6;8;-;9
04.12.2014;26;40;11;2;7;9;-;5
21.11.2014;26;41;11;3;6;8;-;5
06.11.2014;25;41;10;3;7;9;-;5
24.10.2014;26;40;10;2;7;9;-;6
02.10.2014;24;41;9;2;9;10;-;5
26.09.2014;25;39;10;3;8;10;-;5
04.09.2014;24;40;10;3;7;10;-;6
29.08.2014;25;42;9;3;5;9;-;7
07.08.2014;26;41;10;3;5;9;-;6
18.07.2014;26;40;10;4;4;10;-;6
03.07.2014;26;39;11;4;5;9;-;6
20.06.2014;25;39;12;4;6;8;-;6
05.06.2014;26;38;11;4;7;9;-;5
15.05.2014;26;39;11;4;6;9;-;5
30.04.2014;26;40;10;4;5;9;-;6
25.04.2014;25;41;10;4;5;10;-;5
03.04.2014;26;41;10;4;5;9;-;5
28.03.2014;25;41;10;4;5;8;-;7
06.03.2014;24;42;11;4;4;9;-;6
28.02.2014;26;40;10;4;5;9;-;6
06.02.2014;27;41;9;4;5;9;-;5
31.01.2014;27;42;9;4;4;8;-;6
09.01.2014;27;41;9;4;4;8;-;7
20.12.2013;27;42;9;4;4;8;-;6
05.12.2013;25;43;10;3;4;9;-;6
22.11.2013;25;42;10;3;4;9;-;7
07.11.2013;26;42;10;3;4;9;-;6
25.10.2013;27;40;9;4;5;9;-;6
10.10.2013;26;42;8;3;4.5;9;-;7,5
22.09.2013;25.7;41.5;8.4;4.8;4.7;8.6;-;4
12.09.2013;28;40;10;5;2.5;8;-;4
05.09.2013;27;41;10;5;3;8;-;6
29.08.2013;26;41;11;5;3;8;-;6
23.08.2013;24;42;12;5;3;9;-;3
15.08.2013;25;42;12;5;-;8;-;5
09.08.2013;25;42;13;5;-;7;-;5
01.08.2013;26;42;13;5;-;7;-;7
25.07.2013;25;42;14;4;2;7;-;6
19.07.2013;26;41;13;4;3;7;-;6
12.07.2013;26;41;14;4;3;6;-;6
04.07.2013;25;42;14;4;-;7;-;5
28.06.2013;26;41;13;4;-;7;-;6
21.06.2013;25;41;14;5;-;7;-;8
14.06.2013;26;41;15;4;2;7;-;5
06.06.2013;27;41;14;4;3;6;-;5
31.05.2013;26;42;14;4;3;6;-;5
24.05.2013;27;41;14;4;2;6;-;4
17.05.2013;26;41;14;4;3;6;-;3
10.05.2013;27;40;14;5;3;6;-;5
02.05.2013;26;40;15;4;3;7;-;5
26.04.2013;27;40;14;4;3;7;-;5
21.04.2013;27;41;14;4;3;7;-;4
12.04.2013;27;42;15;4;-;7;-;3
04.04.2013;27;41;14;4;-;8;-;3
28.03.2013;28;39;15;4;-;8;-;3
22.03.2013;27;38;16;5;-;8;-;4
14.03.2013;25;40;17;5;-;7;-;3
07.03.2013;26;40;17;4;-;7;-;4
28.02.2013;27;41;15;4;-;6;-;4
21.02.2013;28;40;15;5;-;6;-;3
15.02.2013;27;40;16;4;-;7;-;3
07.02.2013;29;39;15;4;-;6;-;4
31.01.2013;27;40;15;4;-;6;-;4
24.01.2013;27;42;14;4;-;6;-;4
18.01.2013;26;42;13;4;-;7;-;4
10.01.2013;28;41;14;4;-;6;-;4
04.01.2013;29;41;12;4;-;6;-;4
21.12.2012;30;40;13;4;-;7;-;3
06.12.2012;30;39;14;4;-;7;-;3
23.11.2012;29;39;15;4;-;6;-;3
08.11.2012;30;40;14;4;-;6;-;2
26.10.2012;30;38;13;4;-;7;-;3
04.10.2012;31;39;11;4;-;7;-;4
28.09.2012;30;37;12;4;-;7;-;4
06.09.2012;30;37;13;4;-;6;-;4
17.08.2012;29;36;13;5;-;6;-;4
01.08.2012;28;36;13;5;-;6;-;4
20.07.2012;30;35;14;4;-;6;-;3
05.07.2012;30;35;14;4;-;7;-;3
22.06.2012;31;34;14;4;-;6;-;3
06.06.2012;30;34;13;5;-;5;-;4
25.05.2012;29;33;13;5;-;6;-;3
18.05.2012;30;33;13;5;-;5;-;3
03.05.2012;28;34;14;4;-;6;-;3
12.04.2012;27;35;14;3;-;6;-;4
04.04.2012;27;35;14;3;-;7;-;4
16.03.2012;30;37;13;3;-;7;-;4
01.03.2012;28;37;14;3;-;7;-;4
17.02.2012;29;36;16;3;-;7;-;3
02.02.2012;29;36;15;3;-;7;-;4
19.01.2012;29;36;15;3;-;7;-;4
05.01.2012;30;35;16;2;-;6;-;5
23.12.2011;30;36;16;3;-;6;-;3
01.12.2011;30;35;16;3;-;7;-;3
25.11.2011;30;35;14;3;-;7;-;4
03.11.2011;31;34;15;4;-;6;-;3
28.10.2011;32;33;14;3;-;7;-;4
06.10.2011;30;32;17;3;-;6;-;4
26.09.2011;30;34;18;4;-;6;-;4
16.09.2011;30;33;19;5;-;7;-;6
09.09.2011;30;35;18;3;-;7;-;7
01.09.2011;28;35;20;4;-;7;-;6
19.08.2011;27;34;21;5;-;7;-;6
04.08.2011;28;32;23;4;-;8;-;5
22.07.2011;27;33;23;4;-;8;-;5
07.07.2011;26;32;23;5;-;8;-;6
24.06.2011;26;34;23;4;-;7;-;6
10.06.2011;25;33;24;5;-;8;-;5
22.05.2011;26;33;23;4;-;8;-;6
13.05.2011;26;33;22;5;-;8;-;6
05.05.2011;26;35;23;4;-;7;-;5
15.04.2011;26;33;24;4;-;8;-;5
07.04.2011;27;33;23;5;-;7;-;5
24.03.2011;27;35;21;5;-;7;-;5
18.03.2011;28;35;20;5;-;7;-;5
10.03.2011;28;35;15;6;-;9;-;7
24.02.2011;27;35;17;6;-;8;-;7
18.02.2011;25;37;18;5;-;8;-;7
13.02.2011;26;35;19;5;-;9;-;6
03.02.2011;25;36;19;5;-;8;-;7
21.01.2011;28;34;19;4;-;8;-;7
06.01.2011;26;36;19;4;-;9;-;6
10.12.2010;27;33;20;5;-;10;-;5
02.12.2010;27;32;21;5;-;10;-;5
12.11.2010;26;31;23;5;-;10;-;5
04.11.2010;27;32;22;5;-;9;-;5
15.10.2010;28;31;21;5;-;10;-;5
07.10.2010;27;32;20;5;-;11;-;5
30.09.2010;29;33;18;5;-;10;-;5
17.09.2010;29;32;18;5;-;10;-;6
02.09.2010;30;32;17;5;-;10;-;6
20.08.2010;31;31;16;5;-;10;-;7
05.08.2010;31;31;17;5;-;10;-;6
23.07.2010;30;33;17;5;-;10;-;5
01.07.2010;30;33;17;5;-;10;-;5
15.06.2010;29;32;17;5;-;11;-;6
11.06.2010;29;31;16;6;-;12;-;6
02.06.2010;29;32;16;8;-;10;-;5
27.05.2010;27;33;16;7;-;11;-;6
14.05.2010;28;32;17;7;-;11;-;5
29.04.2010;26;35;16;8;-;10;-;5
16.04.2010;26;36;14;9;-;10;-;5
31.03.2010;28;35;14;8;-;10;-;5
19.03.2010;27;35;14;9;-;10;-;5
04.03.2010;25;36;14;10;-;11;-;4
19.02.2010;27;34;15;10;-;10;-;4
04.02.2010;26;36;15;8;-;11;-;4
22.01.2010;25;36;13;10;-;11;-;5
07.01.2010;25;36;12;11;-;10;-;6
11.12.2009;24;35;14;12;-;11;-;4
03.12.2009;24;35;13;12;-;11;-;5
19.11.2009;22;35;12;13;-;12;-;6
13.11.2009;21;35;13;13;-;12;-;6
05.11.2009;22;35;12;14;-;12;-;5
16.10.2009;22;34;12;14;-;13;-;5
08.10.2009;23;34;11;14;-;13;-;5
17.09.2009;26;35;10;14;-;11;-;4
10.09.2009;23;35;12;14;-;12;-;4
03.09.2009;23;35;13;14;-;11;-;4
27.08.2009;23;35;13;15;-;10;-;4
20.08.2009;23;36;13;15;-;9;-;4
13.08.2009;22;37;12;15;-;9;-;5
06.08.2009;23;35;13;16;-;10;-;3
30.07.2009;24;36;13;14;-;10;-;3
17.07.2009;23;36;13;14;-;10;-;4
02.07.2009;23;35;13;15;-;10;-;4
26.06.2009;24;35;13;15;-;9;-;4
11.06.2009;25;36;13;14;-;9;-;3
15.05.2009;28;35;12;13;-;9;-;3
07.05.2009;27;34;11;14;-;10;-;4
16.04.2009;26;35;11;14;-;10;-;4
08.04.2009;27;34;11;14;-;10;-;4
02.04.2009;26;34;11;15;-;11;-;3
20.03.2009;27;33;10;16;-;10;-;4
05.03.2009;27;32;11;17;-;10;-;3
20.02.2009;26;33;11;16;-;11;-;3
05.02.2009;25;34;11;16;-;11;-;3
22.01.2009;25;35;11;14;-;11;-;4
08.01.2009;26;37;10;13;-;10;-;4
18.12.2008;24;37;11;12;-;11;-;5
12.12.2008;23;36;12;13;-;12;-;4
05.12.2008;23;37;12;12;-;12;-;4
06.11.2008;25;37;11;11;-;12;-;4
16.10.2008;25;35;10;12;-;13;-;5
02.10.2008;25;35;11;13;-;11;-;5
18.09.2008;26;37;10;12;-;12;-;3
10.09.2008;26;36;10;12;-;12;-;4
04.09.2008;26;36;10;11;-;13;-;4
21.08.2008;25;37;10;12;-;13;-;3
08.08.2008;24;36;11;12;-;14;-;3
10.07.2008;24;37;12;11;-;12;-;4
03.07.2008;25;36;11;12;-;13;-;3
12.06.2008;24;36;11;12;-;13;-;4
05.06.2008;24;34;12;13;-;14;-;3
15.05.2008;25;36;12;11;-;12;-;4
01.05.2008;27;37;10;10;-;12;-;4
24.04.2008;27;36;11;10;-;12;-;4
03.04.2008;26;37;11;10;-;12;-;4
20.03.2008;27;38;11;9;-;12;-;3
06.03.2008;28;39;10;8;-;12;-;3
21.02.2008;29;37;9;10;-;12;-;3
07.02.2008;30;38;9;9;-;11;-;3
24.01.2008;30;39;9;9;-;10;-;3
11.01.2008;30;39;9;9;-;9;-;4
14.12.2007;28;39;9;10;-;10;-;4
06.12.2007;28;40;9;9;-;11;-;3
15.11.2007;30;41;9;8;-;9;-;3
01.11.2007;30;40;8;8;-;10;-;4
18.10.2007;28;41;10;7;-;10;-;4
05.10.2007;27;40;10;8;-;11;-;4
20.09.2007;27;39;11;10;-;10;-;3
06.09.2007;27;39;11;9;-;10;-;4
10.08.2007;28;38;10;10;-;10;-;4
02.08.2007;28;38;11;9;-;11;-;3
12.07.2007;28;38;11;9;-;11;-;3
05.07.2007;28;38;10;10;-;11;-;3
24.06.2007;29;38;10;9;-;10;-;4
14.06.2007;29;38;11;9;-;9;-;4
07.06.2007;31;37;11;9;-;9;-;3
18.05.2007;30;37;11;9;-;9;-;4
11.05.2007;31;36;11;10;-;8;-;4
03.05.2007;31;37;11;10;-;8;-;3
19.04.2007;31;36;11;10;-;8;-;4
05.04.2007;31;36;11;11;-;8;-;3
09.03.2007;30;37;11;10;-;8;-;4
01.03.2007;31;36;11;10;-;8;-;4
08.02.2007;32;33;11;12;-;8;-;4
01.02.2007;31;35;11;11;-;8;-;4
11.01.2007;31;35;10;11;-;8;-;5
04.01.2007;30;36;11;11;-;8;-;4
14.12.2006;31;34;12;11;-;8;-;4
07.12.2006;31;35;11;10;-;8;-;5
16.11.2006;32;34;10;11;-;8;-;5
02.11.2006;31;31;12;13;-;9;-;4
19.10.2006;32;32;11;12;-;9;-;4
05.10.2006;33;30;10;13;-;9;-;5
21.09.2006;31;32;10;13;-;9;-;5
07.09.2006;28;34;10;14;-;9;-;5
24.08.2006;29;35;9;13;-;10;-;4
03.08.2006;29;35;10;12;-;9;-;5
21.07.2006;29;35;10;13;-;9;-;4
13.07.2006;28;35;11;12;-;9;-;5
06.07.2006;29;35;10;12;-;10;-;4
15.06.2006;30;37;9;10;-;10;-;4
09.06.2006;30;37;10;10;-;9;-;4
01.06.2006;30;37;10;10;-;9;-;4
18.05.2006;30;37;10;10;-;9;-;4
11.05.2006;31;38;9;9;-;9;-;4
04.05.2006;31;39;10;9;-;8;-;3
27.04.2006;32;37;10;9;-;8;-;4
20.04.2006;32;38;10;9;-;8;-;3
12.04.2006;31;40;9;9;-;8;-;3
06.04.2006;30;40;9;10;-;8;-;3
30.03.2006;31;41;8;9;-;8;-;3
23.03.2006;31;41;9;8;-;8;-;3
16.03.2006;30;40;9;9;-;8;-;4
09.03.2006;29;41;9;9;-;8;-;4
02.03.2006;30;41;10;9;-;7;-;3
23.02.2006;31;42;9;8;-;7;-;3
16.02.2006;30;42;8;9;-;8;-;3
09.02.2006;31;41;8;8;-;8;-;4
02.02.2006;32;40;7;8;-;9;-;4
26.01.2006;33;40;8;7;-;9;-;3
19.01.2006;32;39;9;8;-;9;-;3
12.01.2006;32;39;9;8;-;9;-;3
05.01.2006;31;39;9;9;-;9;-;3
21.12.2005;32;36;9;9;-;10;-;4
15.12.2005;33;35;9;10;-;9;-;4
08.12.2005;34;36;9;10;-;8;-;3
01.12.2005;34;36;9;10;-;8;-;3
24.11.2005;34;35;9;10;-;9;-;3
17.11.2005;34;34;9;11;-;9;-;3
10.11.2005;33;36;8;10;-;10;-;3
03.11.2005;32;37;9;10;-;9;-;3
27.10.2005;34;36;9;9;-;9;-;3
20.10.2005;34;37;8;9;-;9;-;3
13.10.2005;34;37;8;9;-;8;-;4
06.10.2005;34;36;8;10;-;8;-;4
29.09.2005;34;36;8;9;-;9;-;4
22.09.2005;34;35;8;10;-;9;-;4
08.09.2005;34;41;7;6,5;-;8,5;-;3
01.09.2005;32;43;7;6;-;9;-;3
25.08.2005;31;42;8;7;-;9;-;3
17.08.2005;30;42;8;7;-;9;-;4
11.08.2005;29;42;9;6;-;10;-;4
04.08.2005;29;42;8;6;-;11;-;4
28.07.2005;28;42;8;7;-;12;-;3
21.07.2005;27;42;9;7;-;12;-;3
15.07.2005;27;42;9;8;-;11;-;3
08.07.2005;27;43;8;7;-;11;-;4
01.07.2005;27;44;8;7;-;10;-;4
24.06.2005;27;45;9;7;-;9;-;3
17.06.2005;28;46;8;7;-;8;-;3
10.06.2005;29;47;9;7;-;5;-;3
03.06.2005;28;48;9;7;-;4;-;4
27.05.2005;29;47;8;6;-;5;-;5
23.05.2005;30;46;7;7;-;5;-;5
22.05.2005;29;46;8;8;-;4;-;5
20.05.2005;29;45;10;7;-;4;-;5
13.05.2005;29;44;10;8;-;4;-;5
04.05.2005;29;45;10;7;-;4;-;5
29.04.2005;29;45;10;6;-;5;-;5
22.04.2005;30;44;10;6;-;5;-;5
15.04.2005;29;44;9;7;-;5;-;6
08.04.2005;29;45;9;7;-;5;-;5
01.04.2005;29;45;9;7;-;5;-;5
24.03.2005;30;44;9;7;-;5;-;5
18.03.2005;30;43;9;7;-;5;-;6
11.03.2005;30;44;10;6;-;5;-;5
04.03.2005;31;43;10;6;-;5;-;5
25.02.2005;31;42;11;6;-;5;-;5
18.02.2005;32;40;11;7;-;5;-;5
11.02.2005;31;40;11;7;-;5;-;6
04.02.2005;32;39;11;7;-;5;-;6
28.01.2005;33;38;12;7;-;5;-;5
21.01.2005;33;38;12;8;-;4;-;5
14.01.2005;33;37;12;8;-;5;-;5
07.01.2005;33;38;12;8;-;5;-;4
22.12.2004;34;38;12;7;-;5;-;4
17.12.2004;32;40;11;7;-;5;-;5
10.12.2004;32;40;11;8;-;5;-;4
03.12.2004;33;40;11;7;-;4;-;5
26.11.2004;32;39;11;8;-;5;-;5
19.11.2004;32;39;12;7;-;5;-;5
12.11.2004;31;40;12;7;-;5;-;5
05.11.2004;30;40;13;8;-;5;-;4
29.10.2004;31;38;12;8;-;6;-;5
22.10.2004;31;38;12;8;-;5;-;6
15.10.2004;30;40;13;7;-;5;-;5
08.10.2004;29;41;12;7;-;6;-;5
01.10.2004;29;41;12;7;-;6;-;5
24.09.2004;26;43;13;7;-;6;-;5
17.09.2004;26;43;13;6;-;6;-;6
10.09.2004;26;44;13;6;-;6;-;5
03.09.2004;26;44;12;6;-;7;-;5
27.08.2004;25;43;12;7;-;7;-;6
20.08.2004;24;43;13;6;-;8;-;6
13.08.2004;24;44;12;7;-;8;-;5
06.08.2004;23;44;13;8;-;7;-;5
30.07.2004;25;44;12;7;-;7;-;5
23.07.2004;25;44;12;7;-;7;-;5
16.07.2004;23;46;13;7;-;7;-;4
12.07.2004;23;45;13;7;-;7;-;5
02.07.2004;23;45;13;7;-;7;-;5
25.06.2004;24;45;13;7;-;6;-;5
18.06.2004;24;45;12;8;-;6;-;5
11.06.2004;26;46;11;8;-;5;-;4
04.06.2004;27;46;11;6;-;5;-;5
28.05.2004;27;46;11;7;-;5;-;4
21.05.2004;26;47;11;6;-;5;-;5
14.05.2004;26;47;12;7;-;4;-;4
07.05.2004;27;46;12;7;-;4;-;4
30.04.2004;26;47;11;6;-;5;-;5
23.04.2004;27;46;11;6;-;5;-;5
16.04.2004;27;46;11;7;-;5;-;4
08.04.2004;27;46;11;7;-;5;-;4
02.04.2004;27;47;11;7;-;5;-;3
26.03.2004;26;48;11;6;-;5;-;4
19.03.2004;26;48;12;6;-;4;-;4
12.03.2004;25;49;11;6;-;5;-;4
05.03.2004;24;50;11;6;-;5;-;4
27.02.2004;25;47;11;9;-;5;-;3
20.02.2004;25;47;11;9;-;5;-;3
13.02.2004;24;48;11;8;-;5;-;4
06.02.2004;24;49;11;8;-;5;-;3
30.01.2004;25;48;11;8;-;5;-;3
23.01.2004;25;47;12;8;-;5;-;3
16.01.2004;26;48;11;7;-;5;-;3
09.01.2004;26;48;10;7;-;5;-;4
19.12.2003;26;49;11;6;-;4;-;4
12.12.2003;25;50;10;7;-;4;-;4
05.12.2003;26;51;10;6;-;3;-;4
28.11.2003;27;49;11;7;-;3;-;3
21.11.2003;27;49;11;7;-;3;-;3
14.11.2003;25;50;11;6;-;4;-;4
07.11.2003;24;51;10;7;-;4;-;4
31.10.2003;24;51;11;6;-;4;-;4
24.10.2003;25;50;12;6;-;3;-;4
17.10.2003;26;50;11;5;-;3;-;5
10.10.2003;26;50;11;5;-;3;-;5
03.10.2003;27;50;11;5;-;3;-;4
26.09.2003;28;48;11;6;-;4;-;3
19.09.2003;29;46;10;7;-;4;-;4
12.09.2003;30;46;9;6;-;4;-;5
05.09.2003;29;46;10;6;-;4;-;5
29.08.2003;30;46;10;6;-;4;-;4
22.08.2003;30;46;10;7;-;4;-;3
15.08.2003;30;45;10;8;-;3;-;4
08.08.2003;30;46;10;7;-;4;-;3
01.08.2003;31;46;9;6;-;4;-;4
25.07.2003;31;45;10;7;-;4;-;3
18.07.2003;31;46;10;6;-;4;-;3
11.07.2003;32;46;9;6;-;4;-;3
04.07.2003;30;47;10;7;-;4;-;2
27.06.2003;30;47;10;6;-;4;-;3
20.06.2003;30;48;9;6;-;4;-;3
13.06.2003;29;47;10;7;-;4;-;3
06.06.2003;29;47;10;7;-;4;-;3
30.05.2003;30;46;11;7;-;4;-;2
23.05.2003;28;47;10;8;-;4;-;3
16.05.2003;27;48;10;8;-;4;-;3
09.05.2003;29;47;11;7;-;4;-;2
02.05.2003;28;48;10;7;-;4;-;3
25.04.2003;30;46;12;6;-;3;-;3
18.04.2003;30;47;11;5;-;4;-;3
11.04.2003;31;46;10;6;-;3;-;4
04.04.2003;31;45;11;6;-;3;-;4
28.03.2003;31;46;11;5;-;3;-;4
21.03.2003;30;47;10;5;-;4;-;4
14.03.2003;28;49;11;6;-;3;-;3
07.03.2003;27;49;12;6;-;3;-;3
28.02.2003;28;49;11;6;-;4;-;2
21.02.2003;28;49;11;6;-;3;-;3
14.02.2003;27;49;12;6;-;3;-;3
07.02.2003;28;49;11;6;-;3;-;3
31.01.2003;30;47;10;7;-;3;-;3
24.01.2003;30;47;10;7;-;3;-;3
17.01.2003;30;47;11;6;-;3;-;3
10.01.2003;29;48;12;5;-;3;-;3
03.01.2003;31;47;10;5;-;4;-;3
20.12.2002;30;47;11;5;-;4;-;3
13.12.2002;29;47;11;6;-;4;-;3
06.12.2002;28;48;12;5;-;4;-;3
29.11.2002;30;48;11;5;-;4;-;2
22.11.2002;30;48;11;4;-;4;-;3
15.11.2002;32;46;10;5;-;4;-;3
08.11.2002;34;44;10;5;-;4;-;3
01.11.2002;35;43;9;6;-;4;-;3
25.10.2002;36;41;10;6;-;4;-;3
18.10.2002;37;40;10;6;-;4;-;3
11.10.2002;38;39;9;7;-;4;-;3
04.10.2002;38;39;9;7;-;4;-;3
22.09.2002;38;38;9;7;-;4;-;3
06.09.2002;38;40;8;8;-;4;-;2
30.08.2002;39;41;7;7;-;4;-;2
23.08.2002;36;41;7;8;-;4;-;4
16.08.2002;34;40;7;10;-;5;-;4
09.08.2002;34;41;7;9;-;5;-;4
02.08.2002;35;40;7;9;-;5;-;4
26.07.2002;35;41;7;9;-;5;-;3
19.07.2002;35;40;6;9;-;6;-;4
12.07.2002;35;40;6;9;-;6;-;4
05.07.2002;36;40;6;9;-;6;-;3
01.06.2002;34;39;8;10;-;6;-;3
01.05.2002;32;41;7;11;-;5;-;4
01.04.2002;34;39;7;9;-;7;-;4
01.03.2002;36;40;6;9;-;6;-;3
01.02.2002;36;41;6;8;-;7;-;2
01.01.2002;38;39;5;8;-;7;-;3
01.12.2001;40;36;6;9;-;7;-;2
01.11.2001;41;35;6;9;-;6;-;3
01.10.2001;40;36;6;9;-;5;-;4
01.09.2001;38;36;7;10;-;5;-;4
01.08.2001;38;36;7;10;-;6;-;3
01.07.2001;39;34;7;10;-;7;-;3
01.06.2001;39;37;7;9;-;5;-;3
01.05.2001;41;35;7;8;-;5;-;4
01.04.2001;39;36;7;8;-;5;-;5
01.03.2001;40;35;8;8;-;5;-;4
01.02.2001;38;35;8;9;-;5;-;5
01.01.2001;38;37;7;9;-;5;-;4
01.12.2000;38;37;8;7;-;5;-;5
01.11.2000;39;37;6;7;-;6;-;5
01.10.2000;39;39;6;6;-;6;-;4
01.09.2000;43;34;6;8;-;6;-;3
01.08.2000;42;34;6;9;-;5;-;4
01.07.2000;39;38;6;8;-;5;-;4
01.06.2000;38;39;7;9;-;5;-;2
01.05.2000;41;36;6;7;-;5;-;5
07.04.2000;39;34;8;7;-;7;-;5
03.03.2000;42;31;7;9;-;7;-;4
